latitude,longitude,name,color,note
-34.7994,138.6871,User,#FFFF00,3
22.2833,113.95,User,#FFFF01,3
22.2909,114.15,User,#FFFF02,4
22.3167,114.1833,User,#FFFF03,1
22.2909,114.15,User,#FFFF04,5
22.2909,114.15,User,#FFFF05,4
22.3333,114.25,User,#FFFF06,2
22.3333,114.25,User,#FFFF07,1
22.2909,114.15,User,#FFFF08,5
22.3167,114.2167,User,#FFFF09,5
22.2909,114.15,User,#FFFF10,1
22.2909,114.15,User,#FFFF11,5
22.2909,114.15,User,#FFFF12,5
22.2909,114.15,User,#FFFF13,4
22.283,114.1585,User,#FFFF14,1
22.1667,114.25,User,#FFFF15,1
22.2833,114.1833,User,#FFFF16,4
22.2167,114.0167,User,#FFFF17,5
22.1667,114.25,User,#FFFF18,5
22.2909,114.15,User,#FFFF19,5
22.2909,114.15,User,#FFFF20,4
22.3667,114.1,User,#FFFF21,3
22.2909,114.15,User,#FFFF22,2
22.3167,114.1833,User,#FFFF23,2
22.2909,114.15,User,#FFFF24,2
22.3167,114.1667,User,#FFFF25,3
22.3667,114.1,User,#FFFF26,4
22.2909,114.15,User,#FFFF27,5
22.2909,114.15,User,#FFFF28,4
22.3333,114.25,User,#FFFF29,3
22.2909,114.15,User,#FFFF30,3
22.3333,114.25,User,#FFFF31,5
22.2909,114.15,User,#FFFF32,2
22.2909,114.15,User,#FFFF33,4
22.2667,114.2333,User,#FFFF34,1
22.2909,114.15,User,#FFFF35,2
22.2909,114.15,User,#FFFF36,1
22.3833,114.2667,User,#FFFF37,1
22.2909,114.15,User,#FFFF38,3
22.2909,114.15,User,#FFFF39,3
22.3833,114.2667,User,#FFFF40,2
22.2909,114.15,User,#FFFF41,4
22.35,114.1333,User,#FFFF42,2
22.2909,114.15,User,#FFFF43,1
22.4,114.2333,User,#FFFF44,1
22.2909,114.15,User,#FFFF45,1
22.2909,114.15,User,#FFFF46,4
22.2909,114.15,User,#FFFF47,2
22.3,113.95,User,#FFFF48,5
22.2909,114.15,User,#FFFF49,2
22.3,113.95,User,#FFFF50,2
22.2909,114.15,User,#FFFF51,1
22.3833,114.1833,User,#FFFF52,5
22.5167,114.1167,User,#FFFF53,2
22.2909,114.15,User,#FFFF54,5
22.4333,114.1833,User,#FFFF55,4
22.2909,114.15,User,#FFFF56,3
22.3833,114.1833,User,#FFFF57,2
22.2909,114.15,User,#FFFF58,2
22.2909,114.15,User,#FFFF59,3
22.2833,114.1833,User,#FFFF60,4
22.2909,114.15,User,#FFFF61,3
22.35,114.1833,User,#FFFF62,3
22.2909,114.15,User,#FFFF63,4
22.3167,114.1833,User,#FFFF64,5
22.2909,114.15,User,#FFFF65,3
22.2909,114.15,User,#FFFF66,2
22.2909,114.15,User,#FFFF67,5
22.4333,114.0333,User,#FFFF68,3
22.283,114.1585,User,#FFFF69,5
22.4333,114.0333,User,#FFFF70,5
22.3667,114.1,User,#FFFF71,2
22.2909,114.15,User,#FFFF72,2
22.2909,114.15,User,#FFFF73,2
22.2909,114.15,User,#FFFF74,3
22.4,113.9833,User,#FFFF75,1
22.2909,114.15,User,#FFFF76,4
22.2909,114.15,User,#FFFF77,2
22.3667,114.1,User,#FFFF78,1
22.3167,114.1833,User,#FFFF79,4
22.2909,114.15,User,#FFFF80,4
22.2909,114.15,User,#FFFF81,2
22.3833,114.1833,User,#FFFF82,4
22.2909,114.15,User,#FFFF83,2
22.2909,114.15,User,#FFFF84,5
22.3333,114.2,User,#FFFF85,3
22.2909,114.15,User,#FFFF86,3
22.3167,114.1833,User,#FFFF87,2
22.2909,114.15,User,#FFFF88,1
22.2909,114.15,User,#FFFF89,4
22.4333,114.0333,User,#FFFF90,3
22.2909,114.15,User,#FFFF91,5
22.2909,114.15,User,#FFFF92,5
22.2909,114.15,User,#FFFF93,4
22.4333,114.0333,User,#FFFF94,5
22.3167,114.1833,User,#FFFF95,3
22.2909,114.15,User,#FFFF96,4
22.2909,114.15,User,#FFFF97,5
22.3167,114.2167,User,#FFFF98,5
22.4333,114.0333,User,#FFFF99,2
22.2909,114.15,User,#FFFF100,5
35.69,139.69,User,#FFFF101,3
35.69,139.69,User,#FFFF102,1
35.69,139.69,User,#FFFF103,3
35.6882,139.7532,User,#FFFF104,3
35.69,139.69,User,#FFFF105,4
35.6882,139.7532,User,#FFFF106,3
35.69,139.69,User,#FFFF107,3
35.69,139.69,User,#FFFF108,4
35.6882,139.7532,User,#FFFF109,3
35.6882,139.7532,User,#FFFF110,3
35.69,139.69,User,#FFFF111,1
35.69,139.69,User,#FFFF112,5
35.6882,139.7532,User,#FFFF113,4
35.69,139.69,User,#FFFF114,5
35.6882,139.7532,User,#FFFF115,3
35.69,139.69,User,#FFFF116,5
35.69,139.69,User,#FFFF117,1
35.6882,139.7532,User,#FFFF118,5
35.69,139.69,User,#FFFF119,1
35.69,139.69,User,#FFFF120,4
13.75,100.4667,User,#FFFF121,3
17.4833,101.7167,User,#FFFF122,2
13.75,100.4667,User,#FFFF123,2
13.75,100.4667,User,#FFFF124,4
13.7877,100.5068,User,#FFFF125,4
13.7877,100.5068,User,#FFFF126,5
12.9333,100.8833,User,#FFFF127,2
13.7877,100.5068,User,#FFFF128,4
17.35,103.7833,User,#FFFF129,3
17.4833,101.7167,User,#FFFF130,1
7.0167,100.6619,User,#FFFF131,1
7.1,100.4167,User,#FFFF132,3
13.75,100.4667,User,#FFFF133,2
9.1417,99.3313,User,#FFFF134,1
13.75,100.4667,User,#FFFF135,4
13.75,100.4667,User,#FFFF136,3
18.5811,99.0092,User,#FFFF137,2
13.75,100.4667,User,#FFFF138,2
18.791,98.9782,User,#FFFF139,3
13.75,100.4667,User,#FFFF140,5
13.75,100.4667,User,#FFFF141,3
18.791,98.9782,User,#FFFF142,5
14.1833,100.2833,User,#FFFF143,1
13.7594,100.4889,User,#FFFF144,2
14.1833,100.2833,User,#FFFF145,5
15.955,103.1867,User,#FFFF146,4
14.8818,103.4936,User,#FFFF147,2
13.75,100.4667,User,#FFFF148,1
12.7167,101.0667,User,#FFFF149,3
17.4719,103.4583,User,#FFFF150,4
17.4719,103.4583,User,#FFFF151,1
17.4719,103.4583,User,#FFFF152,5
17.4719,103.4583,User,#FFFF153,5
17.1336,102.9675,User,#FFFF154,2
13.75,100.4667,User,#FFFF155,5
16.05,103.6667,User,#FFFF156,5
17.4833,101.7167,User,#FFFF157,1
17.2833,101.15,User,#FFFF158,4
17.1336,102.9675,User,#FFFF159,5
17.1336,102.9675,User,#FFFF160,5
17.4833,101.7167,User,#FFFF161,5
17.1336,102.9675,User,#FFFF162,2
17.4064,103.2389,User,#FFFF163,3
13.75,100.4667,User,#FFFF164,1
13.75,100.4667,User,#FFFF165,2
13.75,100.4667,User,#FFFF166,3
13.75,100.4667,User,#FFFF167,5
14.8818,103.4936,User,#FFFF168,4
16.05,103.6667,User,#FFFF169,3
17.9667,104.2333,User,#FFFF170,1
17.4833,101.7167,User,#FFFF171,3
17.2833,101.15,User,#FFFF172,2
13.75,100.4667,User,#FFFF173,3
18.0501,103.3054,User,#FFFF174,5
13.733,100.4865,User,#FFFF175,2
18.0501,103.3054,User,#FFFF176,3
24.4798,118.0819,User,#FFFF177,4
39.9289,116.3883,User,#FFFF178,1
37.751,-97.822,User,#FFFF179,4
34.7725,113.7266,User,#FFFF180,2
24.4798,118.0819,User,#FFFF181,1
24.4798,118.0819,User,#FFFF182,4
34.7725,113.7266,User,#FFFF183,4
23.1167,113.25,User,#FFFF184,5
23.1167,113.25,User,#FFFF185,3
23.1167,113.25,User,#FFFF186,3
23.1167,113.25,User,#FFFF187,4
23.1167,113.25,User,#FFFF188,5
23.1167,113.25,User,#FFFF189,2
17.4833,101.7167,User,#FFFF190,3
17.4064,103.2389,User,#FFFF191,4
17.6333,103.7667,User,#FFFF192,5
17.0409,102.3544,User,#FFFF193,3
13.75,100.4667,User,#FFFF194,4
16.7,103.0833,User,#FFFF195,4
13.75,100.4667,User,#FFFF196,1
13.75,100.4667,User,#FFFF197,5
16.3167,103.3,User,#FFFF198,4
13.75,100.4667,User,#FFFF199,1
16.65,104.7167,User,#FFFF200,2
13.75,100.4667,User,#FFFF201,1
17.1667,100.5667,User,#FFFF202,1
13.75,100.4667,User,#FFFF203,5
13.75,100.4667,User,#FFFF204,2
13.75,100.4667,User,#FFFF205,1
13.75,100.4667,User,#FFFF206,1
14.8,100.6167,User,#FFFF207,5
13.75,100.4667,User,#FFFF208,4
16.2722,100.35,User,#FFFF209,2
15.3333,100.5,User,#FFFF210,4
13.75,100.4667,User,#FFFF211,1
16.4333,100.3667,User,#FFFF212,3
16.8333,100.25,User,#FFFF213,4
13.75,100.4667,User,#FFFF214,3
13.75,100.4667,User,#FFFF215,5
14.6167,103.0833,User,#FFFF216,1
14.9167,103.3,User,#FFFF217,3
14.6167,103.0833,User,#FFFF218,5
13.75,100.4667,User,#FFFF219,5
16.4834,99.5215,User,#FFFF220,4
13.0508,100.9367,User,#FFFF221,3
13.75,100.4667,User,#FFFF222,2
13.75,100.4667,User,#FFFF223,4
23.1167,113.25,User,#FFFF224,2
-33.494,143.2104,User,#FFFF225,4
24.4798,118.0819,User,#FFFF226,1
24.4798,118.0819,User,#FFFF227,4
39.9289,116.3883,User,#FFFF228,1
24.4798,118.0819,User,#FFFF229,2
24.4798,118.0819,User,#FFFF230,1
23.1167,113.25,User,#FFFF231,1
23.1167,113.25,User,#FFFF232,3
23.1167,113.25,User,#FFFF233,1
23.1167,113.25,User,#FFFF234,2
17.4833,101.7167,User,#FFFF235,4
17.4833,101.7167,User,#FFFF236,4
17.1336,102.9675,User,#FFFF237,1
17.1336,102.9675,User,#FFFF238,4
17.1336,102.9675,User,#FFFF239,5
17.3458,103.9792,User,#FFFF240,4
16.7,102.8667,User,#FFFF241,2
13.75,100.4667,User,#FFFF242,2
13.75,100.4667,User,#FFFF243,5
6.758,101.3775,User,#FFFF244,1
13.8594,100.4775,User,#FFFF245,5
6.7031,101.6203,User,#FFFF246,5
13.6,100.6,User,#FFFF247,3
13.8167,100.75,User,#FFFF248,3
13.8167,100.75,User,#FFFF249,2
13.8167,100.75,User,#FFFF250,3
13.8594,100.4775,User,#FFFF251,3
16.65,104.7167,User,#FFFF252,5
16.4792,104.6583,User,#FFFF253,5
17.1336,102.9675,User,#FFFF254,3
16.4792,104.6583,User,#FFFF255,1
13.7663,100.6503,User,#FFFF256,2
13.7618,100.5324,User,#FFFF257,5
13.75,100.4667,User,#FFFF258,5
13.75,100.4667,User,#FFFF259,4
13.1604,101.1083,User,#FFFF260,2
13.733,100.4865,User,#FFFF261,1
13.8,100.4833,User,#FFFF262,5
13.75,100.4667,User,#FFFF263,2
13.75,100.4667,User,#FFFF264,1
13.8594,100.4775,User,#FFFF265,4
13.754,100.5014,User,#FFFF266,5
13.8,100.5333,User,#FFFF267,4
14.8818,103.4936,User,#FFFF268,1
13.0694,100.0528,User,#FFFF269,2
13.0694,100.0528,User,#FFFF270,4
13.0694,100.0528,User,#FFFF271,3
13.5167,99.9333,User,#FFFF272,5
13.0694,100.0528,User,#FFFF273,5
17.2833,101.15,User,#FFFF274,3
17.4833,101.7167,User,#FFFF275,4
16.2931,102.6157,User,#FFFF276,5
17.4833,101.7167,User,#FFFF277,4
16.2931,102.6157,User,#FFFF278,4
16.2931,102.6157,User,#FFFF279,4
16.2931,102.6157,User,#FFFF280,3
17.4833,101.7167,User,#FFFF281,4
13.75,100.4667,User,#FFFF282,3
35.69,139.69,User,#FFFF283,3
12.9833,77.5833,User,#FFFF284,2
18.5332,73.8626,User,#FFFF285,3
18.9721,72.8246,User,#FFFF286,2
18.5332,73.8626,User,#FFFF287,3
20,77,User,#FFFF288,2
20,77,User,#FFFF289,2
21.15,79.1,User,#FFFF290,3
21.15,79.1,User,#FFFF291,1
19.2,72.9667,User,#FFFF292,2
20,77,User,#FFFF293,3
22.65,88.3833,User,#FFFF294,1
22.65,88.3833,User,#FFFF295,1
22.572,88.367,User,#FFFF296,3
20,77,User,#FFFF297,4
13.0843,80.2805,User,#FFFF298,5
18.9721,72.8246,User,#FFFF299,1
18.5332,73.8626,User,#FFFF300,3
18.5332,73.8626,User,#FFFF301,2
20,77,User,#FFFF302,4
19.2,72.9667,User,#FFFF303,5
19.0368,73.0158,User,#FFFF304,5
18.9721,72.8246,User,#FFFF305,3
20,77,User,#FFFF306,2
20,77,User,#FFFF307,1
22.572,88.367,User,#FFFF308,2
22.7528,88.3422,User,#FFFF309,3
12.9833,77.5833,User,#FFFF310,4
20,77,User,#FFFF311,4
20,77,User,#FFFF312,4
39.9289,116.3883,User,#FFFF313,4
3.0473,101.5712,User,#FFFF314,2
3.0733,101.5054,User,#FFFF315,4
3.1097,101.6171,User,#FFFF316,1
3.1093,101.6995,User,#FFFF317,3
3.1649,101.723,User,#FFFF318,1
3.1149,101.5869,User,#FFFF319,2
3.1149,101.5869,User,#FFFF320,3
3.1366,101.7172,User,#FFFF321,1
3.109,101.5704,User,#FFFF322,1
3.1684,101.7033,User,#FFFF323,1
2.5,112.5,User,#FFFF324,3
3.1065,101.6079,User,#FFFF325,4
2.5,112.5,User,#FFFF326,3
3.1553,101.6668,User,#FFFF327,2
3.0094,101.7755,User,#FFFF328,1
3.0542,101.5949,User,#FFFF329,2
3.1397,101.6852,User,#FFFF330,2
5.3956,100.3111,User,#FFFF331,1
6.0432,100.5221,User,#FFFF332,3
5.4724,100.5385,User,#FFFF333,4
6.2439,99.9533,User,#FFFF334,1
3.1667,101.7,User,#FFFF335,3
4.602,100.7979,User,#FFFF336,3
6.0568,100.3876,User,#FFFF337,3
5.3956,100.3111,User,#FFFF338,3
6.0276,100.3989,User,#FFFF339,4
4.6008,101.1007,User,#FFFF340,4
3.0094,101.7755,User,#FFFF341,3
3.0094,101.7755,User,#FFFF342,5
2.5,112.5,User,#FFFF343,4
2.5,112.5,User,#FFFF344,5
3.5281,101.9763,User,#FFFF345,4
3.7577,101.9827,User,#FFFF346,2
2.8093,101.8334,User,#FFFF347,5
2.8093,101.8334,User,#FFFF348,3
2.7518,101.9428,User,#FFFF349,2
1.562,110.3152,User,#FFFF350,2
3.1513,101.6947,User,#FFFF351,3
3.106,101.718,User,#FFFF352,1
3.0186,101.4286,User,#FFFF353,5
3.0094,101.7755,User,#FFFF354,3
3.1366,101.7172,User,#FFFF355,5
1.5427,103.6487,User,#FFFF356,1
1.4656,103.9435,User,#FFFF357,4
1.6446,103.5973,User,#FFFF358,1
5.3294,100.2907,User,#FFFF359,5
2.5,112.5,User,#FFFF360,3
4.5841,101.0829,User,#FFFF361,5
2.9881,101.6053,User,#FFFF362,1
3.2167,101.6333,User,#FFFF363,1
3.0643,101.7543,User,#FFFF364,3
2.9982,101.8017,User,#FFFF365,2
3.1479,101.7008,User,#FFFF366,1
3.0643,101.7543,User,#FFFF367,1
2.9679,101.653,User,#FFFF368,3
1.9226,103.4038,User,#FFFF369,3
2.2115,102.241,User,#FFFF370,3
3.0232,101.4621,User,#FFFF371,4
3.0383,101.7094,User,#FFFF372,5
2.9271,101.7802,User,#FFFF373,5
1.9226,103.4038,User,#FFFF374,1
3.139,101.706,User,#FFFF375,4
5.2967,103.0847,User,#FFFF376,5
2.5,112.5,User,#FFFF377,5
3.0094,101.7755,User,#FFFF378,3
3.0334,101.5848,User,#FFFF379,2
3.1065,101.6079,User,#FFFF380,4
1.5249,103.6874,User,#FFFF381,2
2.7486,101.9435,User,#FFFF382,4
3.0383,101.7094,User,#FFFF383,2
6.4312,100.2056,User,#FFFF384,4
2.0102,102.6981,User,#FFFF385,2
3.1682,101.5271,User,#FFFF386,1
2.1462,102.7848,User,#FFFF387,1
4.2678,113.9692,User,#FFFF388,5
3.1876,101.672,User,#FFFF389,2
2.2086,111.6,User,#FFFF390,1
5.9479,116.0827,User,#FFFF391,2
2.3013,102.2842,User,#FFFF392,5
3.11,101.5538,User,#FFFF393,1
2.21,102.2906,User,#FFFF394,4
1.6712,103.9725,User,#FFFF395,2
3.1512,101.7091,User,#FFFF396,4
3.0383,101.7094,User,#FFFF397,5
3.0232,101.4621,User,#FFFF398,5
3.0232,101.4621,User,#FFFF399,1
3.1065,101.6079,User,#FFFF400,4
3.0232,101.4621,User,#FFFF401,2
3.0232,101.4621,User,#FFFF402,3
3.0232,101.4621,User,#FFFF403,2
3.1671,101.6708,User,#FFFF404,2
3.1065,101.6079,User,#FFFF405,1
3.1065,101.6079,User,#FFFF406,3
3.075,101.7382,User,#FFFF407,2
2.5,112.5,User,#FFFF408,1
3.0643,101.7543,User,#FFFF409,2
3.0643,101.7543,User,#FFFF410,3
1.6927,103.2524,User,#FFFF411,3
3.0643,101.7543,User,#FFFF412,4
4.6114,101.1043,User,#FFFF413,3
23.1167,113.25,User,#FFFF414,5
24.4798,118.0819,User,#FFFF415,1
-33.494,143.2104,User,#FFFF416,3
24.4798,118.0819,User,#FFFF417,1
24.4798,118.0819,User,#FFFF418,2
23.1167,113.25,User,#FFFF419,1
23.1167,113.25,User,#FFFF420,2
23.1167,113.25,User,#FFFF421,3
13.7618,100.5324,User,#FFFF422,3
13.7618,100.5324,User,#FFFF423,1
13.6,100.7167,User,#FFFF424,3
13.7618,100.5324,User,#FFFF425,3
13.7618,100.5324,User,#FFFF426,1
13.75,100.4667,User,#FFFF427,5
13.75,100.4667,User,#FFFF428,5
14.8,100.6167,User,#FFFF429,4
13.0694,100.0528,User,#FFFF430,4
13.75,100.4667,User,#FFFF431,5
13.75,100.4667,User,#FFFF432,3
13.7877,100.5068,User,#FFFF433,3
14.0433,100.64,User,#FFFF434,2
13.75,100.4667,User,#FFFF435,3
16.2931,102.6157,User,#FFFF436,2
13.75,100.4667,User,#FFFF437,2
13.75,100.4667,User,#FFFF438,1
6.86,101.4903,User,#FFFF439,4
14.6639,101.2033,User,#FFFF440,4
13.75,100.4667,User,#FFFF441,4
13.75,100.4667,User,#FFFF442,4
14.0433,100.64,User,#FFFF443,4
13.75,100.4667,User,#FFFF444,3
13.75,100.4667,User,#FFFF445,3
13.75,100.4667,User,#FFFF446,4
13.751,100.4873,User,#FFFF447,4
14.1833,100.2833,User,#FFFF448,1
13.751,100.4873,User,#FFFF449,5
13.751,100.4873,User,#FFFF450,1
13.751,100.4873,User,#FFFF451,5
13.751,100.4873,User,#FFFF452,4
13.6682,100.5805,User,#FFFF453,2
13.8167,100.75,User,#FFFF454,4
13.7877,100.5068,User,#FFFF455,1
13.7167,100.7833,User,#FFFF456,4
13.6682,100.5805,User,#FFFF457,2
13.6682,100.5805,User,#FFFF458,1
13.7167,100.7833,User,#FFFF459,3
13.7167,100.7833,User,#FFFF460,4
12.5667,99.9667,User,#FFFF461,5
12.8,99.9667,User,#FFFF462,5
13.6833,99.85,User,#FFFF463,4
13.6833,99.85,User,#FFFF464,2
14.0167,100.1667,User,#FFFF465,4
14.3167,100.4,User,#FFFF466,5
13.7159,100.417,User,#FFFF467,1
16.0667,102.7333,User,#FFFF468,3
16.0667,102.7333,User,#FFFF469,3
17.1336,102.9675,User,#FFFF470,5
16.0667,102.7333,User,#FFFF471,2
16.0667,102.7333,User,#FFFF472,3
16.1833,100.85,User,#FFFF473,3
18.8307,99.0038,User,#FFFF474,5
13.7877,100.5068,User,#FFFF475,3
8.0667,99,User,#FFFF476,5
13.75,100.4667,User,#FFFF477,2
6.8294,100.9643,User,#FFFF478,2
13.8667,100.1917,User,#FFFF479,2
14.0167,100.1667,User,#FFFF480,1
13.8667,100.1917,User,#FFFF481,2
13.7167,100.2167,User,#FFFF482,3
13.75,100.4667,User,#FFFF483,5
13.65,100.2667,User,#FFFF484,1
15.9825,101.0622,User,#FFFF485,4
13.75,100.4667,User,#FFFF486,3
16.65,103.3,User,#FFFF487,2
37.5112,126.9741,User,#FFFF488,2
37.5112,126.9741,User,#FFFF489,5
37.5112,126.9741,User,#FFFF490,1
37.4562,126.7288,User,#FFFF491,4
37.5985,126.9783,User,#FFFF492,2
37.5112,126.9741,User,#FFFF493,2
37.5112,126.9741,User,#FFFF494,1
36.5671,126.6263,User,#FFFF495,5
37.5112,126.9741,User,#FFFF496,2
36.7817,126.4522,User,#FFFF497,4
37.5112,126.9741,User,#FFFF498,1
37.5112,126.9741,User,#FFFF499,1
37.4989,126.7831,User,#FFFF500,1
37.5112,126.9741,User,#FFFF501,4
37.5112,126.9741,User,#FFFF502,1
37.5112,126.9741,User,#FFFF503,5
37.5112,126.9741,User,#FFFF504,4
37.4989,126.7831,User,#FFFF505,1
37.5112,126.9741,User,#FFFF506,3
37.4989,126.7831,User,#FFFF507,4
37.62,126.7181,User,#FFFF508,3
37.5985,126.9783,User,#FFFF509,1
37.4989,126.7831,User,#FFFF510,1
37.5112,126.9741,User,#FFFF511,2
37.5112,126.9741,User,#FFFF512,3
37.5112,126.9741,User,#FFFF513,5
37.62,126.7181,User,#FFFF514,5
39.9288,116.3889,User,#FFFF515,2
37.5112,126.9741,User,#FFFF516,3
13.1604,101.1083,User,#FFFF517,1
13.1604,101.1083,User,#FFFF518,5
13.1604,101.1083,User,#FFFF519,4
13.1604,101.1083,User,#FFFF520,5
13.1604,101.1083,User,#FFFF521,5
13.9167,100.5,User,#FFFF522,2
13.1604,101.1083,User,#FFFF523,2
13.75,100.4667,User,#FFFF524,4
13.75,100.4667,User,#FFFF525,5
13.1604,101.1083,User,#FFFF526,5
13.1604,101.1083,User,#FFFF527,2
13.75,100.4667,User,#FFFF528,2
13.75,100.4667,User,#FFFF529,5
14.0167,100.1667,User,#FFFF530,2
13.5333,100.2833,User,#FFFF531,1
14.0866,99.5509,User,#FFFF532,5
13.5333,100.2833,User,#FFFF533,2
14.0866,99.5509,User,#FFFF534,5
13.75,100.4667,User,#FFFF535,1
15.7953,104.1494,User,#FFFF536,4
18.7833,100.7833,User,#FFFF537,3
13.75,100.4667,User,#FFFF538,2
13.75,100.4667,User,#FFFF539,2
13.751,100.4873,User,#FFFF540,2
13.7086,100.4553,User,#FFFF541,5
13.75,100.4667,User,#FFFF542,4
18.2611,99.7042,User,#FFFF543,1
18.7422,99.1225,User,#FFFF544,3
13.75,100.4667,User,#FFFF545,3
13.75,100.4667,User,#FFFF546,1
9.9667,98.6333,User,#FFFF547,2
13.7877,100.5068,User,#FFFF548,3
14.0433,100.64,User,#FFFF549,4
13.7877,100.5068,User,#FFFF550,2
13.7877,100.5068,User,#FFFF551,3
13.7594,100.4889,User,#FFFF552,3
13.7877,100.5068,User,#FFFF553,2
13.7877,100.5068,User,#FFFF554,4
13.7877,100.5068,User,#FFFF555,1
13.7877,100.5068,User,#FFFF556,2
14.2333,100.5833,User,#FFFF557,3
6.6819,101.2714,User,#FFFF558,2
7.8333,98.3833,User,#FFFF559,1
13.75,100.4667,User,#FFFF560,5
13.75,100.4667,User,#FFFF561,3
13.75,100.4667,User,#FFFF562,5
13.75,100.4667,User,#FFFF563,5
14.3738,100.5631,User,#FFFF564,5
13.75,100.4667,User,#FFFF565,2
17.2833,103.6333,User,#FFFF566,4
13.75,100.4667,User,#FFFF567,4
13.75,100.4667,User,#FFFF568,5
17.1336,102.9675,User,#FFFF569,4
13.1604,101.1083,User,#FFFF570,3
17.1336,102.9675,User,#FFFF571,5
13.75,100.4667,User,#FFFF572,2
12.7167,101.0667,User,#FFFF573,1
13.8594,100.4775,User,#FFFF574,1
13.7667,100.45,User,#FFFF575,2
18.791,98.9782,User,#FFFF576,4
13.65,101.45,User,#FFFF577,1
12.2131,102.5776,User,#FFFF578,4
12.7833,101.65,User,#FFFF579,1
12.2131,102.5776,User,#FFFF580,3
13.75,100.4667,User,#FFFF581,5
18.2983,99.5072,User,#FFFF582,5
18.2983,99.5072,User,#FFFF583,2
18.19,99.3928,User,#FFFF584,4
13.75,100.4667,User,#FFFF585,4
13.6,101.0833,User,#FFFF586,5
13.75,100.4667,User,#FFFF587,3
13.75,100.4667,User,#FFFF588,1
18.7422,99.1225,User,#FFFF589,5
13.75,100.4667,User,#FFFF590,1
13.75,100.4667,User,#FFFF591,5
13.7167,100.7833,User,#FFFF592,5
13.7167,100.7833,User,#FFFF593,1
12.9667,101.2167,User,#FFFF594,1
13.7167,100.7833,User,#FFFF595,2
13.733,100.4865,User,#FFFF596,5
13.733,100.4865,User,#FFFF597,2
13.6833,100.5,User,#FFFF598,2
13.733,100.4865,User,#FFFF599,4
13.733,100.4865,User,#FFFF600,3
13.733,100.4865,User,#FFFF601,1
13.733,100.4865,User,#FFFF602,1
13.733,100.4865,User,#FFFF603,2
13.7618,100.5324,User,#FFFF604,5
13.6,100.7167,User,#FFFF605,1
13.733,100.4865,User,#FFFF606,1
35.69,139.69,User,#FFFF607,1
35.65,139.7333,User,#FFFF608,2
33.5802,130.3742,User,#FFFF609,3
35.69,139.69,User,#FFFF610,3
35.69,139.69,User,#FFFF611,5
35.69,139.69,User,#FFFF612,5
35.69,139.69,User,#FFFF613,5
35.6922,139.7178,User,#FFFF614,2
35.5753,139.64,User,#FFFF615,5
35.6922,139.7178,User,#FFFF616,4
34.7667,137.1712,User,#FFFF617,3
34.8833,136.9333,User,#FFFF618,2
34.8833,136.9333,User,#FFFF619,3
35.6775,139.8016,User,#FFFF620,1
34.8833,136.9333,User,#FFFF621,2
35.6129,139.744,User,#FFFF622,2
35.6242,139.7156,User,#FFFF623,5
35.7099,139.7128,User,#FFFF624,4
35.6833,139.4167,User,#FFFF625,2
35.6882,139.7532,User,#FFFF626,2
35.6882,139.7532,User,#FFFF627,4
35.9149,139.9553,User,#FFFF628,2
35.6882,139.7532,User,#FFFF629,3
35.5121,139.6759,User,#FFFF630,1
35.8667,139.5333,User,#FFFF631,5
35.8725,139.6516,User,#FFFF632,4
35.69,139.69,User,#FFFF633,2
35.8034,139.589,User,#FFFF634,3
35.5653,139.3655,User,#FFFF635,2
35.8556,139.5207,User,#FFFF636,4
34.8586,135.6061,User,#FFFF637,5
35.8094,139.6925,User,#FFFF638,3
34.95,135.8167,User,#FFFF639,2
34.8586,135.6061,User,#FFFF640,1
35.7126,139.7265,User,#FFFF641,4
35.7843,139.6387,User,#FFFF642,1
35.7094,139.8619,User,#FFFF643,4
35.7264,139.4839,User,#FFFF644,2
35.1802,136.9067,User,#FFFF645,4
35.4276,140.1898,User,#FFFF646,3
42.9674,143.2426,User,#FFFF647,2
35.6882,139.7532,User,#FFFF648,1
35.69,139.69,User,#FFFF649,2
35.69,139.69,User,#FFFF650,3
35.6882,139.7532,User,#FFFF651,5
35.6718,139.7672,User,#FFFF652,2
35.7468,139.5863,User,#FFFF653,1
35.69,139.69,User,#FFFF654,1
35.69,139.69,User,#FFFF655,1
35.0023,137.1366,User,#FFFF656,3
35.69,139.69,User,#FFFF657,5
35.69,139.69,User,#FFFF658,2
20,77,User,#FFFF659,1
20,77,User,#FFFF660,5
25.45,81.85,User,#FFFF661,2
18.9721,72.8246,User,#FFFF662,2
23.2167,72.6833,User,#FFFF663,5
17.7,83.3,User,#FFFF664,5
28.4333,77.3167,User,#FFFF665,4
28.4333,77.3167,User,#FFFF666,1
19.0368,73.0158,User,#FFFF667,2
19.2,72.9667,User,#FFFF668,4
28.6667,77.4333,User,#FFFF669,2
28.5735,77.3208,User,#FFFF670,1
28.4666,77.0309,User,#FFFF671,2
28.5735,77.3208,User,#FFFF672,2
28.4666,77.0309,User,#FFFF673,3
25.3333,83,User,#FFFF674,4
19.15,73.2667,User,#FFFF675,4
25.3333,83,User,#FFFF676,4
19.15,73.2667,User,#FFFF677,4
18.9721,72.8246,User,#FFFF678,3
13.0843,80.2805,User,#FFFF679,2
12.9833,77.5833,User,#FFFF680,2
18.9721,72.8246,User,#FFFF681,5
19.6833,72.75,User,#FFFF682,3
18.9721,72.8246,User,#FFFF683,2
26.4667,80.35,User,#FFFF684,2
12.9833,77.5833,User,#FFFF685,2
26.85,80.9167,User,#FFFF686,2
12.9833,77.5833,User,#FFFF687,3
25.3333,83,User,#FFFF688,4
22.3,73.2,User,#FFFF689,2
28.5735,77.3208,User,#FFFF690,1
20.9667,72.9,User,#FFFF691,4
22.3,70.7833,User,#FFFF692,1
22.3,73.2,User,#FFFF693,1
18.9721,72.8246,User,#FFFF694,3
18.9721,72.8246,User,#FFFF695,4
12.9833,77.5833,User,#FFFF696,5
18.9721,72.8246,User,#FFFF697,4
18.9721,72.8246,User,#FFFF698,3
23.0333,72.6167,User,#FFFF699,4
23.2667,77.4,User,#FFFF700,4
18.9721,72.8246,User,#FFFF701,3
22.7167,75.8333,User,#FFFF702,4
22.7167,75.8333,User,#FFFF703,5
26.4667,80.35,User,#FFFF704,2
18.5332,73.8626,User,#FFFF705,2
16.9917,78.3437,User,#FFFF706,2
18.5332,73.8626,User,#FFFF707,5
28.4666,77.0309,User,#FFFF708,2
28.669,77.222,User,#FFFF709,1
26.4667,80.35,User,#FFFF710,1
20,77,User,#FFFF711,4
26.85,80.9167,User,#FFFF712,4
23.0333,72.6167,User,#FFFF713,4
12.9833,77.5833,User,#FFFF714,3
12.9833,77.5833,User,#FFFF715,4
12.9833,77.5833,User,#FFFF716,1
12.9833,77.5833,User,#FFFF717,1
12.9833,77.5833,User,#FFFF718,3
26.85,80.9167,User,#FFFF719,2
28.669,77.222,User,#FFFF720,2
26.85,80.9167,User,#FFFF721,4
26.85,80.9167,User,#FFFF722,1
28.669,77.222,User,#FFFF723,1
28.669,77.222,User,#FFFF724,5
28.6667,77.4333,User,#FFFF725,2
28.669,77.222,User,#FFFF726,2
28.4666,77.0309,User,#FFFF727,3
13.0843,80.2805,User,#FFFF728,5
28.4666,77.0309,User,#FFFF729,4
13.0843,80.2805,User,#FFFF730,4
18.5332,73.8626,User,#FFFF731,4
18.5332,73.8626,User,#FFFF732,1
21.15,79.1,User,#FFFF733,3
18.5332,73.8626,User,#FFFF734,3
20,77,User,#FFFF735,1
27.1833,78.0167,User,#FFFF736,1
20,77,User,#FFFF737,5
20,77,User,#FFFF738,5
23.1667,79.95,User,#FFFF739,1
28.6667,77.4333,User,#FFFF740,5
28.4666,77.0309,User,#FFFF741,2
28.6667,77.4333,User,#FFFF742,2
28.6014,77.1989,User,#FFFF743,3
28.669,77.222,User,#FFFF744,5
28.6014,77.1989,User,#FFFF745,3
28.4666,77.0309,User,#FFFF746,2
28.6014,77.1989,User,#FFFF747,4
12.9833,77.5833,User,#FFFF748,3
12.9833,77.5833,User,#FFFF749,3
12.9833,77.5833,User,#FFFF750,1
18.5332,73.8626,User,#FFFF751,5
20.9667,72.9,User,#FFFF752,1
12.9833,77.5833,User,#FFFF753,5
20.9667,72.9,User,#FFFF754,2
25.45,81.85,User,#FFFF755,5
28.4666,77.0309,User,#FFFF756,4
28.4962,77.536,User,#FFFF757,3
28.6125,76.9847,User,#FFFF758,5
28.9833,77.7,User,#FFFF759,2
21.2333,81.6333,User,#FFFF760,4
28.669,77.222,User,#FFFF761,2
28.9833,77.7,User,#FFFF762,1
10.991,76.9667,User,#FFFF763,1
17.7,83.3,User,#FFFF764,1
26.9167,75.8167,User,#FFFF765,4
12.9833,77.5833,User,#FFFF766,5
13.0843,80.2805,User,#FFFF767,5
13.0843,80.2805,User,#FFFF768,1
21.15,79.1,User,#FFFF769,3
22.3,70.7833,User,#FFFF770,4
21.15,79.1,User,#FFFF771,1
22.3,73.2,User,#FFFF772,4
27.1833,78.0167,User,#FFFF773,3
22.3,73.2,User,#FFFF774,5
18.9917,79.7954,User,#FFFF775,1
28.6667,77.4333,User,#FFFF776,5
19.2,72.9667,User,#FFFF777,3
18.9721,72.8246,User,#FFFF778,3
19.25,73.15,User,#FFFF779,1
18.5332,73.8626,User,#FFFF780,3
18.5332,73.8626,User,#FFFF781,1
28.5735,77.3208,User,#FFFF782,3
18.5332,73.8626,User,#FFFF783,4
28.6014,77.1989,User,#FFFF784,2
28.5735,77.3208,User,#FFFF785,1
28.6014,77.1989,User,#FFFF786,5
18.9721,72.8246,User,#FFFF787,1
18.9721,72.8246,User,#FFFF788,3
12.9833,77.5833,User,#FFFF789,4
20,77,User,#FFFF790,1
27.1833,78.0167,User,#FFFF791,5
27.1833,78.0167,User,#FFFF792,4
27.1833,78.0167,User,#FFFF793,2
27.1833,78.0167,User,#FFFF794,2
20,77,User,#FFFF795,2
20,77,User,#FFFF796,2
13.0843,80.2805,User,#FFFF797,1
18.5332,73.8626,User,#FFFF798,4
19.25,73.15,User,#FFFF799,1
19.0368,73.0158,User,#FFFF800,1
18.9721,72.8246,User,#FFFF801,1
19.4667,72.8,User,#FFFF802,1
18.9721,72.8246,User,#FFFF803,4
23.0333,72.6167,User,#FFFF804,3
23.0333,72.6167,User,#FFFF805,1
18.9721,72.8246,User,#FFFF806,3
19.0368,73.0158,User,#FFFF807,4
18.9721,72.8246,User,#FFFF808,5
18.9721,72.8246,User,#FFFF809,5
22.3,70.7833,User,#FFFF810,5
28.6014,77.1989,User,#FFFF811,2
22.3,70.7833,User,#FFFF812,5
28.6667,77.4333,User,#FFFF813,5
28.669,77.222,User,#FFFF814,5
28.669,77.222,User,#FFFF815,3
28.669,77.222,User,#FFFF816,3
29.6161,76.9806,User,#FFFF817,5
28.6667,77.4333,User,#FFFF818,3
28.669,77.222,User,#FFFF819,2
29.6833,76.9833,User,#FFFF820,5
28.4666,77.0309,User,#FFFF821,1
28.4666,77.0309,User,#FFFF822,3
28.4333,77.3167,User,#FFFF823,5
28.669,77.222,User,#FFFF824,4
28.4666,77.0309,User,#FFFF825,5
28.4666,77.0309,User,#FFFF826,5
28.6014,77.1989,User,#FFFF827,5
28.6014,77.1989,User,#FFFF828,5
28.6014,77.1989,User,#FFFF829,2
22.7167,75.8333,User,#FFFF830,5
22.3,73.2,User,#FFFF831,1
22.3,70.7833,User,#FFFF832,5
22.3,73.2,User,#FFFF833,4
22.3,70.7833,User,#FFFF834,3
22.3,70.7833,User,#FFFF835,2
26.9167,75.8167,User,#FFFF836,2
22.7167,75.8333,User,#FFFF837,2
22.7167,75.8333,User,#FFFF838,5
23.0333,72.6167,User,#FFFF839,4
23.2167,72.6833,User,#FFFF840,3
23.0333,72.6167,User,#FFFF841,5
28.669,77.222,User,#FFFF842,5
12.9833,77.5833,User,#FFFF843,4
26.4667,80.35,User,#FFFF844,4
18.5332,73.8626,User,#FFFF845,4
22.572,88.367,User,#FFFF846,5
22.572,88.367,User,#FFFF847,3
18.5332,73.8626,User,#FFFF848,3
23.2667,77.4,User,#FFFF849,1
12.9833,77.5833,User,#FFFF850,4
20,77,User,#FFFF851,5
12.9833,77.5833,User,#FFFF852,3
20,77,User,#FFFF853,4
22.7167,75.8333,User,#FFFF854,2
18.5332,73.8626,User,#FFFF855,4
18.5332,73.8626,User,#FFFF856,3
19.25,73.15,User,#FFFF857,5
23.0333,72.6167,User,#FFFF858,5
20,77,User,#FFFF859,5
20,77,User,#FFFF860,2
13.0843,80.2805,User,#FFFF861,5
18.5332,73.8626,User,#FFFF862,5
18.9721,72.8246,User,#FFFF863,5
28.4666,77.0309,User,#FFFF864,2
28.5735,77.3208,User,#FFFF865,1
28.4666,77.0309,User,#FFFF866,5
23.2667,77.4,User,#FFFF867,2
18.5332,73.8626,User,#FFFF868,1
26.85,80.9167,User,#FFFF869,4
18.5332,73.8626,User,#FFFF870,1
26.9167,75.8167,User,#FFFF871,1
26.85,80.9167,User,#FFFF872,1
23.1667,79.95,User,#FFFF873,2
21.2333,81.6333,User,#FFFF874,3
18.5332,73.8626,User,#FFFF875,5
16.7167,77.8906,User,#FFFF876,1
22.7167,75.8333,User,#FFFF877,1
18.9721,72.8246,User,#FFFF878,2
19.35,72.8,User,#FFFF879,3
18.5332,73.8626,User,#FFFF880,3
26.9167,75.8167,User,#FFFF881,2
25.3333,83,User,#FFFF882,4
40.6522,109.8222,User,#FFFF883,5
40.6522,109.8222,User,#FFFF884,5
40.6522,109.8222,User,#FFFF885,4
40.6522,109.8222,User,#FFFF886,4
39.6,109.7833,User,#FFFF887,1
40.6522,109.8222,User,#FFFF888,5
40.8106,111.6522,User,#FFFF889,2
40.8106,111.6522,User,#FFFF890,2
40.6522,109.8222,User,#FFFF891,1
42.2683,118.9636,User,#FFFF892,1
40.6522,109.8222,User,#FFFF893,5
40.8106,111.6522,User,#FFFF894,2
39.9288,116.3889,User,#FFFF895,2
40.6522,109.8222,User,#FFFF896,5
40.8106,111.6522,User,#FFFF897,3
40.6522,109.8222,User,#FFFF898,2
40.6522,109.8222,User,#FFFF899,1
40.8106,111.6522,User,#FFFF900,3
40.8106,111.6522,User,#FFFF901,1
39.6,109.7833,User,#FFFF902,5
40.8106,111.6522,User,#FFFF903,3
40.8106,111.6522,User,#FFFF904,1
40.8106,111.6522,User,#FFFF905,1
40.8106,111.6522,User,#FFFF906,3
23.1167,113.25,User,#FFFF907,2
40.8106,111.6522,User,#FFFF908,5
40.8106,111.6522,User,#FFFF909,5
40.6522,109.8222,User,#FFFF910,3
40.6522,109.8222,User,#FFFF911,1
40.6522,109.8222,User,#FFFF912,4
41.7922,123.4328,User,#FFFF913,4
40.6522,109.8222,User,#FFFF914,2
40.6522,109.8222,User,#FFFF915,4
3.2251,101.6803,User,#FFFF916,5
1.6167,110.4407,User,#FFFF917,5
3.144,101.5875,User,#FFFF918,1
3.0094,101.7755,User,#FFFF919,3
3.0439,101.5792,User,#FFFF920,5
3.0232,101.4621,User,#FFFF921,2
1.5427,103.6487,User,#FFFF922,2
3.1317,101.6707,User,#FFFF923,3
3.0232,101.4621,User,#FFFF924,5
1.9226,103.4038,User,#FFFF925,4
3.1296,101.6274,User,#FFFF926,1
3.1328,101.6783,User,#FFFF927,2
3.0232,101.4621,User,#FFFF928,2
5.3,115.2333,User,#FFFF929,1
5.258,100.2923,User,#FFFF930,3
3.0186,101.4286,User,#FFFF931,5
3.1065,101.6079,User,#FFFF932,1
3.0094,101.7755,User,#FFFF933,3
3.0094,101.7755,User,#FFFF934,2
3.0542,101.5949,User,#FFFF935,3
3.1871,101.5917,User,#FFFF936,1
3.1443,101.6718,User,#FFFF937,4
3.1443,101.6718,User,#FFFF938,1
1.5435,110.3816,User,#FFFF939,2
3.1013,101.6915,User,#FFFF940,4
2.5,112.5,User,#FFFF941,4
5.3271,100.2851,User,#FFFF942,4
3.0457,101.5573,User,#FFFF943,4
5.3909,100.4104,User,#FFFF944,2
3.1013,101.6915,User,#FFFF945,4
5.3344,100.4673,User,#FFFF946,5
3.0383,101.7094,User,#FFFF947,2
1.5435,110.3816,User,#FFFF948,4
5.6639,100.4902,User,#FFFF949,3
3.0383,101.7094,User,#FFFF950,1
2.2257,102.2563,User,#FFFF951,4
1.4655,103.7578,User,#FFFF952,3
3.8087,103.3267,User,#FFFF953,2
5.3405,103.0754,User,#FFFF954,2
3.1447,101.7007,User,#FFFF955,5
5.9479,116.0827,User,#FFFF956,1
1.8578,103.0357,User,#FFFF957,5
3.1447,101.7007,User,#FFFF958,3
3.1366,101.7172,User,#FFFF959,5
3.1447,101.7007,User,#FFFF960,3
3.1447,101.7007,User,#FFFF961,4
5.3834,100.393,User,#FFFF962,4
3.1443,101.6718,User,#FFFF963,2
5.7336,102.4897,User,#FFFF964,5
3.1026,101.6288,User,#FFFF965,5
3.1549,101.7412,User,#FFFF966,2
5.4112,100.3354,User,#FFFF967,2
4.5723,101.1157,User,#FFFF968,1
1.5427,103.6487,User,#FFFF969,4
2.7486,101.9435,User,#FFFF970,3
1.5427,103.6487,User,#FFFF971,2
5.365,100.5618,User,#FFFF972,1
5.5748,100.6005,User,#FFFF973,5
5.7896,100.5238,User,#FFFF974,2
1.5427,103.6487,User,#FFFF975,2
5.265,116.3283,User,#FFFF976,1
5.9371,116.6695,User,#FFFF977,4
3.106,101.718,User,#FFFF978,2
5.3956,100.3111,User,#FFFF979,5
5.4112,100.3354,User,#FFFF980,5
5.2141,100.4518,User,#FFFF981,3
5.258,100.2923,User,#FFFF982,5
5.4112,100.3354,User,#FFFF983,5
5.4112,100.3354,User,#FFFF984,5
5.6639,100.4902,User,#FFFF985,1
5.4112,100.3354,User,#FFFF986,5
5.4112,100.3354,User,#FFFF987,3
5.4112,100.3354,User,#FFFF988,2
3.1185,101.6757,User,#FFFF989,1
2.9555,102.0719,User,#FFFF990,5
3.0186,101.4286,User,#FFFF991,5
2.7518,101.9428,User,#FFFF992,5
1.5495,103.708,User,#FFFF993,4
1.5666,103.3873,User,#FFFF994,1
5.9213,116.0792,User,#FFFF995,2
3.1649,101.723,User,#FFFF996,1
3.1013,101.6915,User,#FFFF997,5
1.5489,103.6965,User,#FFFF998,3